comment,path_to_main,path_to_default_config,whether_to_run,delta:exec_path,delta:kwargs/result_path,delta:two_dash_flags,delta:kwargs/dataset_name,delta:kwargs/mask_source,delta:kwargs/filter_keyword
IN-D + FT-dinosaur,__RUNNER__,./configs/robust_classification/runner_config_robust_classification.yaml,1,./scripts/eval_spurious.py,./data/results/eval_spurious/ind_clip_dino_ft.pkl,[recompute_all clip siglip ens_entropy],imagenet_d,dino_ft,by_mask_size+by_background+by_num_connected_components
IN-D + Dinosaur-v1,__RUNNER__,./configs/robust_classification/runner_config_robust_classification.yaml,1,./scripts/eval_spurious.py,./data/results/eval_spurious/ind_clip_dino_v1.pkl,[recompute_all clip siglip ens_entropy],imagenet_d,dino_v1,by_mask_size+by_background+by_num_connected_components
IN-D + SlotDiffusion,__RUNNER__,./configs/robust_classification/runner_config_robust_classification.yaml,1,./scripts/eval_spurious.py,./data/results/eval_spurious/ind_clip_slotdiffusion.pkl,[recompute_all clip siglip ens_entropy],imagenet_d,slotdiffusion,by_mask_size+by_background+by_num_connected_components
UC + FT-dinosaur,__RUNNER__,./configs/robust_classification/runner_config_robust_classification.yaml,1,./scripts/eval_spurious.py,./data/results/eval_spurious/uc_clip_dino_ft.pkl,[recompute_all clip siglip ens_entropy],urban_cars,dino_ft,by_mask_size+by_background+by_num_connected_components
UC + Dinosaur-v1,__RUNNER__,./configs/robust_classification/runner_config_robust_classification.yaml,1,./scripts/eval_spurious.py,./data/results/eval_spurious/uc_clip_dino_v1.pkl,[recompute_all clip siglip ens_entropy],urban_cars,dino_v1,by_mask_size+by_background+by_num_connected_components
UC + SlotDiffusion,__RUNNER__,./configs/robust_classification/runner_config_robust_classification.yaml,1,./scripts/eval_spurious.py,./data/results/eval_spurious/uc_clip_slotdiffusion.pkl,[recompute_all clip siglip ens_entropy],urban_cars,slotdiffusion,by_mask_size+by_background+by_num_connected_components
WB + FT-dinosaur,__RUNNER__,./configs/robust_classification/runner_config_robust_classification.yaml,1,./scripts/eval_spurious.py,./data/results/eval_spurious/wb_clip_dino_ft.pkl,[recompute_all clip siglip ens_entropy],waterbirds,dino_ft,by_mask_size+by_background+by_num_connected_components
WB + Dinosaur-v1,__RUNNER__,./configs/robust_classification/runner_config_robust_classification.yaml,1,./scripts/eval_spurious.py,./data/results/eval_spurious/wb_clip_dino_v1.pkl,[recompute_all clip siglip ens_entropy],waterbirds,dino_v1,by_mask_size+by_background+by_num_connected_components
WB + SlotDiffusion,__RUNNER__,./configs/robust_classification/runner_config_robust_classification.yaml,1,./scripts/eval_spurious.py,./data/results/eval_spurious/wb_clip_slotdiffusion.pkl,[recompute_all clip siglip ens_entropy],waterbirds,slotdiffusion,by_mask_size+by_background+by_num_connected_components
IN-9 + FT-dinosaur,__RUNNER__,./configs/robust_classification/runner_config_robust_classification.yaml,1,./scripts/eval_spurious.py,./data/results/eval_spurious/in9_clip_dino_ft.pkl,[recompute_all clip siglip ens_entropy],imagenet_9,dino_ft,by_mask_size+by_background+by_num_connected_components
IN-9 + Dinosaur-v1,__RUNNER__,./configs/robust_classification/runner_config_robust_classification.yaml,1,./scripts/eval_spurious.py,./data/results/eval_spurious/in9_clip_dino_v1.pkl,[recompute_all clip siglip ens_entropy],imagenet_9,dino_v1,by_mask_size+by_background+by_num_connected_components
IN-9 + SlotDiffusion,__RUNNER__,./configs/robust_classification/runner_config_robust_classification.yaml,1,./scripts/eval_spurious.py,./data/results/eval_spurious/in9_clip_slotdiffusion.pkl,[recompute_all clip siglip ens_entropy],imagenet_9,slotdiffusion,by_mask_size+by_background+by_num_connected_components
CounterAnimals + FT-dinosaur,__RUNNER__,./configs/robust_classification/runner_config_robust_classification.yaml,1,./scripts/eval_spurious.py,./data/results/eval_spurious/ca_clip_dino_ft.pkl,[recompute_all clip ens_entropy siglip],counter_animal,dino_ft,by_mask_size+by_background+by_num_connected_components
CounterAnimals + Dinosaur-v1,__RUNNER__,./configs/robust_classification/runner_config_robust_classification.yaml,1,./scripts/eval_spurious.py,./data/results/eval_spurious/ca_clip_dino_v1.pkl,[recompute_all clip ens_entropy siglip],counter_animal,dino_v1,by_mask_size+by_background+by_num_connected_components
CounterAnimals + SlotDiffusion,__RUNNER__,./configs/robust_classification/runner_config_robust_classification.yaml,1,./scripts/eval_spurious.py,./data/results/eval_spurious/ca_clip_slotdiffusion.pkl,[recompute_all clip ens_entropy siglip],counter_animal,slotdiffusion,by_mask_size+by_background+by_num_connected_components
,,,,,,,,,
IN-D + Cropformer,__RUNNER__,./configs/robust_classification/runner_config_robust_classification.yaml,1,./scripts/eval_spurious.py,./data/results/eval_spurious/in_d_clip_cropformer.pkl,[recompute_all clip siglip ens_entropy],imagenet_d,cropformer,by_mask_size+by_background+by_num_connected_components
UC + Cropformer,__RUNNER__,./configs/robust_classification/runner_config_robust_classification.yaml,1,./scripts/eval_spurious.py,./data/results/eval_spurious/uc_clip_cropformer.pkl,[recompute_all clip ens_entropy siglip],urban_cars,cropformer,by_mask_size+by_background+by_num_connected_components
WB + Cropformer,__RUNNER__,./configs/robust_classification/runner_config_robust_classification.yaml,1,./scripts/eval_spurious.py,./data/results/eval_spurious/wb_clip_cropformer.pkl,[recompute_all clip siglip ens_entropy],waterbirds,cropformer,by_mask_size+by_background+by_num_connected_components
IN-9 + Cropformer,__RUNNER__,./configs/robust_classification/runner_config_robust_classification.yaml,1,./scripts/eval_spurious.py,./data/results/eval_spurious/in9_clip_cropformer.pkl,[recompute_all clip ens_entropy siglip],imagenet_9,cropformer,by_mask_size+by_background+by_num_connected_components
CounterAnimals + Cropformer,__RUNNER__,./configs/robust_classification/runner_config_robust_classification.yaml,1,./scripts/eval_spurious.py,./data/results/eval_spurious/ca_clip_cropformer.pkl,[recompute_all clip ens_entropy siglip],counter_animal,cropformer,by_mask_size+by_background+by_num_connected_components
